{"cameraMode":{"drawMode":2,"name":"Shaded Wireframe","section":"Shading Mode"},"sceneLighting":false,"audioPlay":false,"sceneViewState":{"showFog":true,"showMaterialUpdate":false,"showSkybox":true,"showFlares":true,"showImageEffects":true,"showParticleSystems":true},"in2DMode":false,"pivot":{"x":-413.78729248046877,"y":141.8046875,"z":12.156448364257813},"rotation":{"x":-0.06026803329586983,"y":-0.01287894882261753,"z":0.0007776662823744118,"w":-0.9980993270874023},"size":45.880001068115237,"orthographic":false}